013CH232W-35C SP/206,5,B-‚ -1,0
013CH232W-35C SP/207,5,B-‚ -3,0
013CH232W-35C SP/209,5,B-‚ -4,0
013CH232W-37C SN/01,1,B-‚¢-2,9
013CH232W-37C SN/02,15,B-‚¢-1,0
013CH232W-37C SN/03,20,B-‚¢-3,0
013CH232W-37C SN/03,5,B-‚¢-4,0
013CH232W-37C SP/206,20,B-‚¤-1,0
013CH232W-37C SP/206,10,B-‚¦-1,0
013CH232W-37C SP/207,20,B-‚¦-3,0
013CH232W-37C SP/207,10,C-‚¢-1,0
013CH232W-37C SP/209,20,C-‚¤-1,0
013CH232W-37C SP/209,10,C-‚¤-3,0
013CH232WI-03C SN/03,4,D-‚¢-1,0
013CH232WI-03C SN/03,2,D-‚¤-3,0
013CH232WI-03C SP/206,3,D-‚¦-1,0
013CH232WI-03C SP/207,3,D-‚¦-2,0
013CH232WI-03C SP/209,3,E-‚ -1,0
013CH232WI-08C SN/03,4,E-‚¢-3,0
013CH232WI-08C SN/03,4,E-‚¤-1,0
013CH232WI-08C SN/03,2,E-‚¤-3,0
013CH232WI-08C SP/206,3,E-‚¦-1,0
013CH232WI-08C SP/207,3,E-‚¦-3,0
013CH232WI-08C SP/209,3,F-‚ -1,0
013CH232WI-09C SN/03,4,F-‚ -2,0
013CH232WI-09C SN/03,1,F-‚¢-4,1
013CH232WI-09C SP/206,3,F-‚¢-3,0
013CH232WI-09C SP/207,3,G-‚ -1,0
013CH232WI-09C SP/209,3,G-‚¢-3,0
013CH232WI-17C SP/206,2,G-‚¢-4,0
013CH232WI-17C SP/207,2,G-‚¤-3,0
013CH232WI-17C SP/209,2,G-‚¦-1,0
013CH232WI-49C SP/206,4,H-‚¢-1,0
013CH232WI-49C SP/206,1,H-‚¤-1,0
013CH232WI-49C SP/207,4,H-‚¤-3,0
013CH232WI-49C SP/207,1,H-‚¦-3,0
013CH232WI-49C SP/209,4,I-‚ -1,0
013CH232WI-49C SP/209,1,J-‚ -1,0
013CH232WI-50C SP/206,4,J-‚ -3,0
013CH232WI-50C SP/206,1,J-‚¤-1,0
013CH232WI-50C SP/207,4,J-‚¦-1,0
013CH232WI-50C SP/207,1,J-‚¦-3,0
013CH232WI-50C SP/209,4,K-‚ -3,0
013CH232WI-50C SP/209,1,K-‚¢-1,0
013CH271-35C SP/180,20,K-‚¢-2,0
013CH271-37C SN/01,15,L-‚¤-3,0
013CH271-37C SN/02,10,G-‚¢-1,6
013CH271-37C SN/03,20,N-‚ -1,0
013CH271-37C SP/183,10,G-‚ -3,3
013CH271I-03C SN/03,4,N-‚ -3,0
013CH271I-03C SN/03,3,N-‚¢-1,0
013CH271I-08C SN/02,4,N-‚¤-1,0
013CH271I-08C SN/02,3,M-‚¦-1,1
013CH271I-08C SP/181,4,O-‚¤-3,0
013CH271I-09C SN/01,2,O-‚¦-1,0
013CH271I-17C SP/183,4,F-‚ -3,3
013CH271I-41C SP/180,3,O-‚¦-3,0
013CH271I-42C SN/03,4,P-‚ -1,0
013CH271I-42C SN/03,2,P-‚¤-3,0
013CH271I-49C SN/01,2,Q-‚ -1,0
013CH271I-49C SN/02,1,J-‚¢-1,3
013CH271I-49C SP/180,3,S-‚¦-2,1
013CH271I-50C SN/02,3,O-‚ -1,1
013CH271I-50C SN/03,4,Q-‚¢-1,0
013CH271I-50C SN/03,2,E-‚¢-1,2
